Workbook

Sheet Dashboard
B2: TODO APP · DASHBOARD DE ISSUES
B3: Repositorio hispafox/app-todolist-261005 · Datos a 05/10/2026 · Fuente: GitHub Issues
B6: TOTAL ISSUES | E6: ABIERTOS | H6: ALTA PRIORIDAD | K6: % COMPLETADO
B7: =COUNTA(Issues!$A$2:$A$500) | E7: =COUNTIF(Issues!$C$2:$C$500,"Abierto") | H7: =COUNTIF(Issues!$D$2:$D$500,"Alta") | K7: =IFERROR(COUNTIF(Issues!$C$2:$C$500,"Cerrado")/COUNTA(Issues!$A$2:$A$500),0)
B9: ="issues registrados" | E9: =IFERROR(COUNTIF(Issues!$C$2:$C$500,"Abierto")/COUNTA(Issues!$A$2:$A$500),0) | H9: =IFERROR(COUNTIF(Issues!$D$2:$D$500,"Alta")/COUNTA(Issues!$A$2:$A$500),0) | K9: =COUNTIF(Issues!$C$2:$C$500,"Cerrado")
B11: Distribución por prioridad | H11: Issues por área | P11: Resumen por prioridad
P12: Prioridad | Q12: Issues | R12: %
P13: Alta | Q13: =COUNTIF(Issues!$D$2:$D$500,P13) | R13: =IFERROR(Q13/SUM($Q$13:$Q$15),0)
P14: Media | Q14: =COUNTIF(Issues!$D$2:$D$500,P14) | R14: =IFERROR(Q14/SUM($Q$13:$Q$15),0)
P15: Baja | Q15: =COUNTIF(Issues!$D$2:$D$500,P15) | R15: =IFERROR(Q15/SUM($Q$13:$Q$15),0)
P18: Resumen por área y prioridad
P19: Área | Q19: Alta | R19: Media | S19: Baja | T19: Total
P20: Backend | Q20: =COUNTIFS(Issues!$E$2:$E$500,$P20,Issues!$D$2:$D$500,Q$19) | R20: =COUNTIFS(Issues!$E$2:$E$500,$P20,Issues!$D$2:$D$500,R$19) | S20: =COUNTIFS(Issues!$E$2:$E$500,$P20,Issues!$D$2:$D$500,S$19) | T20: =SUM(Q20:S20)
P21: Frontend | Q21: =COUNTIFS(Issues!$E$2:$E$500,$P21,Issues!$D$2:$D$500,Q$19) | R21: =COUNTIFS(Issues!$E$2:$E$500,$P21,Issues!$D$2:$D$500,R$19) | S21: =COUNTIFS(Issues!$E$2:$E$500,$P21,Issues!$D$2:$D$500,S$19) | T21: =SUM(Q21:S21)
P22: Infraestructura | Q22: =COUNTIFS(Issues!$E$2:$E$500,$P22,Issues!$D$2:$D$500,Q$19) | R22: =COUNTIFS(Issues!$E$2:$E$500,$P22,Issues!$D$2:$D$500,R$19) | S22: =COUNTIFS(Issues!$E$2:$E$500,$P22,Issues!$D$2:$D$500,S$19) | T22: =SUM(Q22:S22)
P23: Documentación | Q23: =COUNTIFS(Issues!$E$2:$E$500,$P23,Issues!$D$2:$D$500,Q$19) | R23: =COUNTIFS(Issues!$E$2:$E$500,$P23,Issues!$D$2:$D$500,R$19) | S23: =COUNTIFS(Issues!$E$2:$E$500,$P23,Issues!$D$2:$D$500,S$19) | T23: =SUM(Q23:S23)
P24: Testing | Q24: =COUNTIFS(Issues!$E$2:$E$500,$P24,Issues!$D$2:$D$500,Q$19) | R24: =COUNTIFS(Issues!$E$2:$E$500,$P24,Issues!$D$2:$D$500,R$19) | S24: =COUNTIFS(Issues!$E$2:$E$500,$P24,Issues!$D$2:$D$500,S$19) | T24: =SUM(Q24:S24)
P27: Resumen por feature
P28: Feature | Q28: Issues
B29: Carga por área y prioridad | H29: Issues por feature | P29: Categorías de tareas | Q29: =COUNTIF(Issues!$F$2:$F$500,P29)
P30: API REST | Q30: =COUNTIF(Issues!$F$2:$F$500,P30)
P31: Base de datos | Q31: =COUNTIF(Issues!$F$2:$F$500,P31)
P32: Entorno | Q32: =COUNTIF(Issues!$F$2:$F$500,P32)
P33: Documentación | Q33: =COUNTIF(Issues!$F$2:$F$500,P33)
P34: CRUD de tareas | Q34: =COUNTIF(Issues!$F$2:$F$500,P34)
P35: Testing | Q35: =COUNTIF(Issues!$F$2:$F$500,P35)
P36: Integración | Q36: =COUNTIF(Issues!$F$2:$F$500,P36)
P37: Calidad | Q37: =COUNTIF(Issues!$F$2:$F$500,P37)
B47: Los KPIs y gráficos se calculan con fórmulas a partir de la hoja «Issues»: si se actualiza o amplía la lista, el dashboard se recalcula automáticamente.

Sheet Issues
A1: Nº | B1: Título | C1: Estado | D1: Prioridad | E1: Área | F1: Feature | G1: Etiquetas | H1: Creado | I1: Actualizado | J1: Enlace
A2: 12 | B2: Filtrar y agrupar tareas por categoría | C2: Abierto | D2: Media | E2: Frontend | F2: Categorías de tareas | G2: backend, frontend, priority:medium, feature:task-categories | H2: 46300.486 | I2: 46300.486 | J2: Ver en GitHub
A3: 11 | B3: Diseñar la UI para crear y visualizar categorías | C3: Abierto | D3: Alta | E3: Frontend | F3: Categorías de tareas | G3: frontend, ux, priority:high, feature:task-categories | H3: 46300.486 | I3: 46300.486 | J3: Ver en GitHub
A4: 10 | B4: Persistir categorías en SQLite y API | C4: Abierto | D4: Alta | E4: Backend | F4: Categorías de tareas | G4: backend, database, priority:high, feature:task-categories | H4: 46300.485 | I4: 46300.485 | J4: Ver en GitHub
A5: 9 | B5: Añadir categorías a las tareas | C5: Abierto | D5: Alta | E5: Backend | F5: Categorías de tareas | G5: enhancement, backend, frontend, ux, priority:high, feature:task-categories, feature | H5: 46300.485 | I5: 46300.485 | J5: Ver en GitHub
A6: 8 | B6: Preparar configuración de entorno y despliegue local | C6: Abierto | D6: Media | E6: Infraestructura | F6: Entorno | G6: documentation, infra, priority:medium | H6: 46300.484 | I6: 46300.484 | J6: Ver en GitHub
A7: 7 | B7: Documentar arranque, configuración y despliegue local | C7: Abierto | D7: Media | E7: Documentación | F7: Documentación | G7: documentation, infra, priority:medium | H7: 46300.484 | I7: 46300.484 | J7: Ver en GitHub
A8: 6 | B8: Configurar pruebas automatizadas para API y frontend | C8: Abierto | D8: Media | E8: Testing | F8: Testing | G8: backend, frontend, testing, priority:medium | H8: 46300.484 | I8: 46300.484 | J8: Ver en GitHub
A9: 5 | B9: Añadir validación, manejo de errores y estados de carga | C9: Abierto | D9: Media | E9: Backend | F9: Calidad | G9: backend, frontend, testing, priority:medium | H9: 46300.484 | I9: 46300.484 | J9: Ver en GitHub
A10: 4 | B10: Crear flujo para crear, editar y eliminar tareas | C10: Abierto | D10: Alta | E10: Frontend | F10: CRUD de tareas | G10: frontend, ux, priority:high | H10: 46300.484 | I10: 46300.484 | J10: Ver en GitHub
A11: 3 | B11: Integrar frontend con la API y listar tareas | C11: Abierto | D11: Alta | E11: Frontend | F11: Integración | G11: backend, frontend, priority:high | H11: 46300.484 | I11: 46300.484 | J11: Ver en GitHub
A12: 2 | B12: Implementar API REST para CRUD de tareas | C12: Abierto | D12: Alta | E12: Backend | F12: API REST | G12: backend, priority:high | H12: 46300.484 | I12: 46300.484 | J12: Ver en GitHub
A13: 1 | B13: Configurar modelo de datos y migración inicial | C13: Abierto | D13: Alta | E13: Backend | F13: Base de datos | G13: backend, database, priority:high | H13: 46300.484 | I13: 46300.484 | J13: Ver en GitHub
